1;1C ERP-Analyst;
2;1c-Programmierer;
3;1C-Unterstützung;
4;2D-Kunst;
5;2D-Künstler;
6;2D-Spielekünstler;
7;3D-Animator;
8;3D-Generalist;
9;3D ML CV-Ingenieur;
10;3D-Modellierer;
11;3D-Visualisierer;
12;Buchhalter;
13;Account Manager;
14;Darstellerin;
15;Anpassung und Bewertung;
16;Administrator;
17;Verwaltung;
18;Verwaltungsabteilung;
19;Verwaltungsspezialist;
20;Administrator 1C;
21;Administrator;
22;Berater;
23;Agil;
24;Agiler Trainer;
25;Agiles Coaching;
26;Agile Delivery-Koordinator;
27;Aho;
28;KI;
29;Algorithmeningenieur;
30;Analyse von Forschungsergebnissen;
31;Analyst 1C;
32;Analytiker;
33;Analyst SOC;
34;Leiter des Analystenteams;
35;Android;
36;Android-Entwickler;
37;Eckig;
38;Animationsdesigner;
39;Analyst für Betrugsbekämpfung;
40;Entwicklung der Betrugsbekämpfung;
41;APCS;
42;Anwendungsverwaltung;
43;Anwendungsdesigner;
44;Anwendungsentwickler;
45;Anwendungssicherheit;
46;Programmierer für Anwendungssoftware-Support;
47;AppSec;
48;GEEIGNET;
49;Architekt;
50;Künstlerischer Leiter;
51;Artikel schreiben;
52;Künstler;
53;ASO-Spezialist;
54;Gutachter;
55;Assessor-Recruiter;
56;Assistent;
57;Direktionsassistent;
58;Stellvertretender Premierminister;
59;Assistent RM;
60;Sternchen;
61;Atlassian-Administrator;
62;Prüfung;
63;Wirtschaftsprüfer;
64;Automatikingenieur. testen;
65;Automatisierung;
66;Autotest-Architekt;
67;AVR;
68;B2B-Spezialist;
69;Backend-Entwickler;
70;Backend-Golang-Entwickler;
71;BDM;
72;BDM-Manager;
73;Anfänger-Datenbankanalyst in Microsoft Excel;
74;Anfänger im Bereich Informationssicherheit;
75;Anfang;
76;Spezialist für Verhaltensanalyse;
77;Vorteile;
78;BI-Analyst;
79;BI-Entwickler;
80;Große Daten;Große Daten
81;Big-Data-Architekt;
82;Big-Data-Entwickler;
83;Big-Data-Ingenieur;
84;Abrechnung;
85;Abrechnungsingenieur;
86;BIM-Koordinator;
87;BIM-Unterstützung;
88;Biologe;
89;Bitrix24;
90;Bitrix24 CRM;Bitrix 24 CRM
91;Bitrix;
92;Bitrix-Entwickler;
93;Blockchain;
94;Blockchain-Entwickler;
95;Blockchain-Ingenieur;
96;Blog-Redakteur;
97;Blogger;
98;Bloggen;
99;Breit ausgebildeter Softwareentwickler;
100;Makler;
101;Wirtschaftsanalyst 1C;
102;Business Analyst;
103;Wirtschaftsarchitekt;
104;Geschäftsassistent;
105;Coach für Geschäftskommunikationsfähigkeiten;
106;Geschäftsentwickler;Biz Dev
107;Geschäftsentwicklung;
108;Geschäftsentwicklungsmanager;
109;Business Intelligence-Entwickler;
110;Design von Geschäftspräsentationen;
111;Arbeitsprozesse;
112;Business-Trainer;
113;Geschäftsreisemanager;
114;Berechnungen;
115;Call-Center Angestellter;
116;Auto;
117;Karrierecoaching;
118;Kasino;
119;CDO;
120;CEO;
121;Finanzvorstand;
122;Change-Manager;
123;Chatbots;
124;Chief Digital Transformation Officer;
125;Chefredakteur;
126;Chef-HR-Spezialist;
127;Chief Product Officer;
128;Chief Visionary Officer;
129;Chinesisch sprechender Manager;
130;Chip-Design;
131;CIPF-Experte;
132;Schaltungsingenieur;
133;CISO;
134;CISO Cyber Security Manager;
135;Sachbearbeiter;
136;C-Level;
137;Spezialist für Kundenakquise;
138;Direktor für Kundenbeziehungen;
139;Cloud-Architekt;
140;Cloud-Ingenieur;
141;CloudOps;
142;Coach;
143;Gewerbeimmobilien;
144;Kommunikationsdesigner;
145;Kommunikations- und PR-Manager;
146;Kommunikationsingenieur;
147;Community Manager;
148;Spezialist für Vergütung und Sozialleistungen;
149;Compiler-Entwickler;
150;Wirtschaftsprüfer;
151;Komponist;
152;Umfassende Informationssicherheit;
153;Umfassende Sicherheit;
154;Computerlinguist;
155;Computer-Forensik;
156;Computergrafiker;
157;Computergrafikentwickler;
158;Spezialist für die Reaktion auf Computervorfälle;
159;Computerreparaturtechniker;
160;Computersysteme und -komplexe;
161;Computer Vision;
162;Spezialist für Computer Vision und maschinelles Lernen;
163;Computer-Vision-Entwickler;
164;Computer-Vision-Ingenieur;
165;Konstruktion;
166;Berater;
167;Beratung;
168;Beratender Direktor;
169;Content-Analyst;
170;Inhaltsersteller;
171;Inhaltsdirektor;
172;Content-Manager;
173;Content-Vermarkter;
174;Inhaltsvermarktung;
175;Kontextologe;
176;kontextbezogene Werbung;
177;Spezialist für kontextbezogene Werbung;
178;Spezialist für kontextbezogene und zielgerichtete Werbung;
179;Vertragsunterstützung;
180;mitwirkender Redakteur;
181;Kontrolle;
182;GURREN;
183;Urheberrechte ©;
184;Texter;
185;Unternehmensarchitekt;
186;Manager für die Entwicklung der Unternehmenskultur;
187;Unternehmenskulturmanager;
188;Kurier;
189;Kursentwickler;
190;CPC-Spezialist;
191;CPMO;
192;Kreativ;
193;Kreativer Produzent;
194;Plattformübergreifender Entwickler;
195;Krypto-Austausch;
196;Kryptograph;
197;CTO;
198;Würfel;
199;Kurator für IT-Praktika bei Rosatom;
200;Ingenieur für kundenspezifische Ausrüstung;
201;Kundenentwicklung;
202;Kundendienstdirektor;
203;Kundendienstbetreuer;
204;Kundenerfolgsmanager;
205;Kundenbetreuer;
206;CVO;
207;CV-Programmierer;
208;CX-Forschung;CX-Forschung
209;Daten;
210;Daten Analyst;
211;Datenanalyse;
212;Datenbankarchitekt;
213;Datenbankentwickler;
214;Datenkurator;
215;Dateningenieur;
216;Datenmanager;
217;Datenschutzspezialist;
218;Datenwissenschaft;
219;Datenwissenschaftler;Datenscanner
220;Datenlager;
221;Datumsingenieur;
222;Dating-Dienste;
223;DBA;
224;tiefes Lernen;
225;Deep-Learning-Computer-Vision-Anwendung;
226;Deep-Learning-Ingenieur;Deep-Learning-Ingenieur
227;Lieferdirektor;
228;Liefermanager;
229;Abteilungsleiter;
230;Stellvertretender Direktor;
231;stellvertretender Leiter der Abteilung;
232;Stellvertretender Leiter der Abteilung;
233;Stellvertretender Technischer Direktor;
234;Design;
235;Planung und Renovierung von Wohnungen;
236;Designdirektor;
237;Entwicklungsingenieur;
238;Designer;
239;Designer-Illustrator;
240;Desktop-Entwickler;
241;Entwickler;
242;Entwickleranalyst;
243;Entwickler bei Wordpress;
244;Entwickler im Fernunterricht;
245;Entwickler Murex;
246;Entwicklernavision;
247;Entwicklerbeziehungen;
248;Entwicklungs- und Anpassungsmanager;
249;Entwicklungsleiter;
250;Entwicklungsleiter;
251;Entwicklung von Autotests;
252;Entwicklung von IT-Projekten;
253;Leiter des Entwicklungsteams;
254;Entwickler;
255;DevOps-Ingenieur;
256;devrel;
257;DevRel-Manager;
258;DevSecOps – Architekt;
259;Leiter des Entwicklungsteams;
260;Diasoft;
261;Digitaler Account Manager;
262;Digitaler Direktor;
263;digitales Marketing;
264;Digitaler Marketingmanager;
265;digitaler PR-Manager;
266;Direkter Vertragsmanager;
267;Direktologe;
268;Direktor;
269;Direktor für Geschäftsentwicklung;
270;Direktor der Entwicklung;
271;Technischer Direktor;
272;Verkaufsdirektor;
273;Wissenschaftlicher Direktor;
274;Regieassistent;
275;Discord-Bot-Entwicklung;
276;Dokumentieren;
277;Dokumentationsentwicklung;
278;DS;DS
279;DWH-Analyst;
280;Ökonom;
281;Ökonom-Analyst;
282;Bearbeitung;
283;Editor;
284;Lektor-Korrektor;
285;EDS-Einstellung;
286;Ausbildung;
287;Pädagogischer Designer;
288;Bildung und Entwicklung;
289;E-Learning-Entwickler;
290;Elektrik;
291;Elektronikingenieur;
292;Elektronikentwicklung;
293;Electronix-Ingenieur;Electronix-Ingenieur
294;Email;
295;E-Mail- und CRM-Marketing;
296;E-Mail Marketing;
297;Eingebettet;
298;Embedded-Entwickler;
299;Ingenieur für eingebettete Systeme;
300;Schnittstellendesign für eingebettete Systeme;
301;Trainer für emotionale Intelligenz;
302;Arbeitgebermarke;
303;Spezialist für Employer Branding;
304;Employer Brand Manager;
305;Arbeitgeber-Reputationsmanager;
306;Ingenieur;
307;Ingenieur-Betriebsleiter;
308;Ingenieur-Manager;
309;Englischer Methodologe;
310;Englischlehrer;
311;Unternehmer;
312;Umgebungsdesigner;
313;ERP-Wartung;
314;ERP-Programmierer;
315;ESG;
316;ETL-Entwickler;
317;Fall;
318;Event Manager;
319;Veranstaltungsspezialist;
320;Geschäftsführer;
321;Experte;
322;Füllkurse für Online-Schulen;
323;Filmeditor;
324;Finanzen;
325;Finanzanalyst;
326;Finanzwirtschaftlicher Geschäftspartner;
327;Flash-Animator;
328;Flugticket;
329;Flattern;
330;Flatterentwickler;
331;Gründer;
332;Gründer von Star Staff;
333;Gründervermittlungsagentur Elect Hunter;
334;FPGA-Entwickler;
335;FPGA-Ingenieur;
336;Rahmen;
337;freiberuflich;
338;freiberuflicher Personalvermittler;
339;Vom Schaltplan zur Software;
340;Entwickler für Benutzeroberflächen;
341;Entwickler für Benutzeroberflächen;Entwickler für Benutzeroberflächen
342;Front-End-Ingenieur;Frontend-Ingenieur
343;Full-Stack-Entwickler;
344;Full-Stack-Embedded-Entwickler;
345;Full-Stack-Qualitätssicherung;Fullstack-Qualitätssicherung
346;Spielanalyst;
347;Spieledesigner;Spieledesigner
348;Spieleentwickler;
349;Spielentwickler;
350;Online spielen;
351;Spiele und Anwendungen;
352;Spieletester;
353;Spielen;
354;DSGVO;
355;Allgemein;
356;Geodatenspezialist;
357;Gehen;
358;Gehen Sie zum Entwickler;
359;Golang;
360;Golang-Entwickler;
361;Golang-Softwareentwickler;
362;Grafikdesigner;
363;Gruppenleiter;
364;Hadoop-Administrator;
365;Hardware Ingenieur;
366;Leiter von;
367;Leiter der Verwaltungsabteilung;
368;Leiter der Analyse- und Testeinheit;
369;Leiter der Abteilung Bewertung und Entwicklung;
370;Leiter der Buchlayoutabteilung;
371;Leiter Geschäftspartner;
372;Leiter der CISO-Abteilung;
373;Leiter Kommunikation;
374;Leiter der Abteilung Kundensupport;
375;Leiter Cyber-Sicherheit;
376;Abteilungsleiter;
377;Leiter Design;
378;Leiter der Designer;
379;Leiter Entwicklerbeziehungen;
380;Leiter der Entwicklung;
381;Leiter der Entwicklungsabteilung;
382;Leiter digitales Marketing;
383;Leiter Digitale Lösungen;
384;Leiter Employer Branding;
385;Kopf des Frontends;Leiter Frontend
386;Leiter der Frontend-Abteilung;
387;Leiter Personal;
388;Leiter der Abteilung Informationsinfrastruktur;
389;Leiter der Abteilung Informationstechnologie;
390;Leiter der Abteilung Internet-Marketing;
391;Leiter von iOS;
392;Leiter der IT-Abteilung;
393;Leiter IT-Rekrutierung;
394;Leiter JavaScript;
395;Marketingleiter;
396;Leiter Mobil;
397;Leiter des OIB;
398;Leiter der Partnerabteilung;
399;Leiter PMO;
400;Leiter Produktions-IT;
401;Leiter Personalbeschaffung;
402;Leiter der Verkaufsabteilung;
403;Vertriebsleiter für Bestandskunden;
404;Sicherheitschef;
405;Leiter SEO;
406;Leiter der Softwareentwicklungsabteilung;
407;Leiter der Abteilung Systemadministration;
408;Leiter der Abteilung Systemanalyse;
409;Leiter der technischen Supportabteilung;
410;Leiter der Testabteilung;
411;Leiter Ausbildung;
412;Leiter UX-Forschung und Produktdesign;
413;Einstellungsdirektor;
414;Personalchef;
415;Gastgeber von Veranstaltungen;
416;Meister der Reparatur von Haushaltsgeräten;
417;Personalwesen;
418;Personalverwaltung;
419;HR-Analyst;
420;HR BP;HRBP
421;HR-Marke;
422;Manager für HR-Marke und interne Kommunikation;
423;HR-Markenentwicklung;
424;HR-Markenmanager;
425;HR-Markenspezialist;HR-Markenspezialist
426;HR Business Partner;
427;HR-Business-Spezialist;
428;HR-Kommunikation;
429;Spezialist für Personalkommunikation;
430;HRD;
431;Leitung der Personalabteilung;
432;Leiter der Personalabteilung;
433;HRG;
434;HR Generalist;HR Generalist
435;HRG in der IT;
436;HR-IT;
437;HR Manager;
438;Assistentin des Personalleiters;
439;Personalmarketing;
440;HR-Partner;
441;HR-Projektmanager;
442;HR-Spezialist;
443;HR-Tech;
444;HTML-Codierer;
445;Humanressourcen;
446;ICO;erstes Münzangebot
447;Ideengenerator;
448;Illustrator;
449;Implementierung;
450;Implementierungsingenieur;
451;industrielles Design;
452;Influencer-Manager;
453;Infokommunikationstechnologien und Kommunikationssysteme;
454;Informationssicherheitsarchitekt;
455;Informationssicherheitsaudit;
456;Spezialist für Informationssicherheit;
457;Ingenieur für Implementierung und Support von Informationssystemen;
458;Ingenieur für Informationssystemunterstützung;
459;Direktor für Informationstechnologie;
460;Infrastrukturarchitekt;
461;Infrastrukturentwickler;
462;In der Kubernetes-Entwicklung;
463;Installateur;
464;Integration;
465;Integrationsanalyst;
466;Interface-Designer;
467;Innenarchitekt;
468;Praktikant;
469;Interner und externer Kommunikationsmanager;
470;Interne Kommunikation;
471;Interner Kommunikationsmanager;
472;Interne Unternehmenskommunikation;
473;Interne Personalabteilung;
474;Internationaler PR-Projektmanager;
475;Internet-Vermarkter;
476;Internet Marketing;
477;Praktikant als Programmierer;
478;Einführer und Hüter von Regeln und Praktiken;
479;ios;
480;iOS-Entwickler;
481;IoT;
482;IS-Betreiber;
483;IS-Systemintegrator - Implementierung;
484;ES;
485;IT-Analyst;
486;IT-Leiter;
487;IT-Headhunter;
488;IT-HR;
489;Geschäftspartner für IT-Personalwesen;
490;Architekt für Cybersicherheit in der IT-Infrastruktur;
491;IT-Leiter;IT-Leiter
492;IT-Projektmanager;
493;IT-Recruiter;IT-Recruiter
494;IT-Recruiter – Atsearch – Crowd Recruitment;
495;IT-Personalvermittler. IT-Personalvermittler;
496;IT-Rekrutierung;IT-Rekrutierung
497;Leiter des IT-Rekrutierungsteams und IT-Geschäftspartner;
498;IT-Forscher;IT-Forscher
499;IT-QUELLER;IT-SOURCER
500;IT-Spezialisten;
501;Spezialist für IT-Talentakquise;
502;Java;
503;Java Entwickler;
504;Java EE;
505;Java-Programmierer;
506;JavaScript-Entwickler;
507;Java-Teamleiter;
508;Jira-Administrator;
509;Jira-Entwickler;
510;Junior Berater;
511;Junior-Personalleiter;
512;Junior-Personalspezialist;
513;Juniorproduzent;
514;Junior-Spezialist für Softwaretests;
515;Junior-Tester;
516;Großkundenbetreuer;
517;Wissensdatenbank-Manager;
518;Arbeitsrecht;
519;Fachkraft für Arbeitsschutz;
520;Land verwaltung;
521;Laravel;
522;Laravel Full-Stack-Entwickler;Laravel Fullstack-Entwickler
523;Rechtsanwalt;
524;Layout von Büchern zum Drucken;
525;Führungspositionen;
526;Lead-Generierung;
527;Spezialist für Lead-Generierung;
528;Lead-Generator;
529;Leitender HR-Manager;
530;Führender Experte;
531;Führender Vertriebsleiter für Systemintegration;
532;Leitender QA-Ingenieur;
533;Rechtsanalytik;
534;Kreditvergabe;
535;Level-Design;
536;Level-Designer;
537;Linkbuilder;Linkbuilder
538;Linux;
539;Linux-Administrator;
540;Linux Kernel;
541;Linux-Systemingenieur;
542;Linux-Systemprogrammierer;
543;Belastungstestingenieur;
544;Spezialist für Lasttests;
545;Spezialisierung auf Lasttests;
546;Lokalisierung;
547;Lokalisierungsmanager;
548;Schlosser - Reparatur von Kühlgeräten;
549;Logistiker;
550;Logistik;
551;Logo-Designer;
552;Auf der Suche nach einem Assistenten;
553;Ich möchte den Job zum Beckend-Entwickler wechseln;
554;Low-Code-Entwickler;
555;maschinelles Lernen;
556;Ingenieur für maschinelles Lernen;
557;Forschungsprogrammierer für maschinelles Lernen;
558;Mac OS;
559;Mainframe-Entwickler;
560;Pflege einer Wissensdatenbank;
561;Management;
562;Manager;
563;Manueller Testingenieur;
564;Manuelles Testen;
565;Marktanalyst;
566;Vermarkter;
567;Marktforscher;
568;Marketingleiter;
569;Marketing Manager;
570;Marktplatzmanager;
571;Meister;
572;Mathematiker;
573;matlab;
574;Matlab Simulink;
575;Medienkäufer;
576;Medizinischer Psychologe;
577;Methodiker;
578;Mikrocontroller-Programmierer;
579;Mikrocontroller-Programmierung;
580;Mikrocontroller;
581;Mittlerer Frontend-Entwickler;
582;ML;
583;ML-Entwickler;
584;ML-Entwickler-Forscher;
585;ML DL-Ingenieur;
586;ML-Ingenieur;
587;MLOps;
588;MLOps-Ingenieur;
589;Analyst für mobile Apps;
590;Entwickler mobiler Anwendungen;
591;Tester für mobile Apps;
592;mobiler Entwickler;
593;Tester für Handyspiele;
594;Modell;
595;Modellieren;
596;Modelle;
597;Leiter des Moderationsteams;
598;Moderator;
599;Überwachung;
600;Ingenieur für Überwachungssysteme;
601;Motion-Designer;
602;Musik;
603;Erzählgestalter;
604;Netzwerkadministrator;
605;Netzwerkarchitekt;
606;Ingenieur für Netzwerkautomatisierung;
607;NLP-Spezialist;
608;NoCode – NoProblem;
609;Node.js;
610;NodeJS-Entwickler;
611;Anfängertester;
612;Krankenschwester;
613;Oaid-Dienste;
614;Objektdesign;
615;Büroleiter;
616;Büroarbeit;
617;Online-Shop-Design;
618;Operationen;
619;Betriebsingenieur;
620;Betriebsleiter;
621;Operator;
622;Organisationspsychologe;
623;Organisation des Prozesses;
624;andere;
625;Outsourcing-Manager;
626;Eigentümer;
627;Parsing;
628;Vermarkter von Partnerprojekten;
629;PC-Operator;
630;Pentester;
631;Personalmanager;
632;Spezialist für People Operations;
633;Menschen Partner;
634;Leistungsingenieur;Leistungsingenieur
635;Performance-Vermarkter;
636;Performance-Marketing;Performance-Marketing
637;persönlicher Assistent;
638;Persönliche Beurteilung;
639;Personaldokumente;
640;Personalmanagement;
641;Personalreferent;
642;Personalschulungs- und Entwicklungsleiter;
643;Personalschulungsleiter;
644;Apotheke;
645;Fotograf;
646;php;
647;Arzt;
648;Piercing;
649;SPS-Programmierung im CodeSys-Umfeld;
650;PLM-Administrator;
651;PMM;
652;PMO;
653;Schwimmbad;
654;Porträtmaler;
655;POS-Designer;
656;PostgreSQL-Administrator;
657;Stromversorgung;
658;PP;
659;PPC;
660;PPC-Spezialist;
661;PR;
662;Vorverkaufsberater;
663;Vorverkaufsingenieur;
664;Präsentationsdesigner;
665;Private Arztpraxis;
666;PR-Manager;
667;Prozessanalytiker;
668;Ingenieur für Prozesssteuerung;
669;Prozessmanager;
670;Beschaffung;
671;Beschaffungsspezialist;
672;Produkt;
673;Produktanalyst;
674;Leiter der Produktlieferung;
675;Produktdesigner;
676;Produktdirektor;
677;Produktredakteur;
678;Produktentwickler;
679;Produktionsautomatisierung;
680;Leiter des Produktionszentrums;
681;Produktionsdirektor;
682;Produktmanager;
683;Produktvermarkter;
684;Produktmarketing;
685;Produktmarketingmanager;
686;Produktbesitzer;
687;Leiter des Produktteams;
688;Produkt-Techlead;
689;Progamm Manager;
690;Programmierer;
691;Programmierung;
692;Projekt;
693;Projektleiter;
694;Projektkoordinator;
695;Projektkurator;
696;Projektentwicklung;
697;Projektdirektor;
698;Projektmanagement;
699;Spezialist für Projektmanagementbüro;
700;Projektmanagement-Spezialist;
701;Projektmanager;Projektleiter
702;Assistent des Projektmanagers;
703;Projektmanager-Praktikant;
704;Projektbüroleiter;
705;Projektunterstützung;
706;Projektunterstützungsbeauftragter;
707;Prototypenentwickler;
708;Prototypist;
709;Psychologe;
710;Psychotherapeut;
711;Verlagsleiter;
712;Einkaufsleiter;
713;Python;
714;Python-Entwickler;
715;Python-Qualitätssicherung;
716;Python-Softwareentwickler;
717;Python-Web;Pythone-Web
718;Qualitätssicherung;
719;Qualitätssicherungsingenieur;
720;Handbuch für QA-Ingenieure;
721;QA Engineer mobil;
722;QAF;
723;QA-Manager;
724;QS-Spezialist;
725;QA-Tester;
726;QC-Ingenieur;QC-Ingenieur
727;QlikSense;
728;Qt-Frontend;
729;Qualifikationsingenieur;
730;Qualitätskontrolle;
731;Qualitätssicherungsanalyst;
732;Qualitätssicherungsdirektor;
733;Qualitätssicherungsingenieur;
734;Qualitätssicherungsmanager;
735;Qualitätsmanager;
736;Funkingenieur;
737;Reagieren;React.js;React.js
738;React-Entwickler;
739;Personalvermittler;Personalvermittler
740;Personalvermittler-Assistent;
741;Personalvermittler bei Yandex.Practice;
742;Rekrutierung;
743;Leiter einer Personalvermittlungsagentur;
744;Rekrutierung;
745;Rekrutierungsassessor;
746;Assistent der Personalbeschaffungsabteilung;
747;Rekrutierungsprojektmanager;
748;Rekrutierungsforscher;
749;Personalbeschaffungsspezialist;
750;Regionalvertreter;
751;Release-Ingenieur;
752;Release-Manager;
753;Rendering-Ingenieur;
754;Anforderungsingenieur;
755;Forschung;
756;Forschungsanalyst;
757;Forschung & Entwicklung;
758;Forschungsingenieur;
759;Forscher;
760;Leiter des Forschungsteams;
761;Ressourcenmanager;
762;Ressourcengeber;
763;Einzelhandel;
764;Reverse-Engineering-Spezialist;
765;Risikoanalyst;
766;Roboterentwicklung;
767;Robotik-Ingenieur;
768;RPA;
769;RPA-Entwickler;
770;RS WMS;
771;RTE;
772;RTL-Entwickler;
773;Ruby on Rails-Backend;
774;Ruby on Rails-Entwickler;
775;Ruby-Programmierer;
776;Russisch-Rumänischer Übersetzer;
777;Sicherheit;
778;Gehalt;
779;Verkauf;
780;Verkauf von Produkten;
781;Verkauf;
782;Vertriebsanalyst;
783;Verkaufsabteilung;
784;Verkaufsingenieur;
785;Zwangsversteigerung;Zwangsversteigerung
786;Salesforce-Entwickler;
787;Verkäufer;
788;Verkaufsleiter;
789;Außendienstmitarbeiter;
790;Leiter des Vertriebsteams;
791;SAFT;
792;SAP-Berater;
793;SAP ERP FI;
794;SAP EWM-Benutzer;
795;SAP FI-Berater;
796;Scala;
797;Wissenschaftliche Forschung;
798;Wissenschaftler;
799;Scrapy-Entwickler;
800;Scrum Master;
801;SDET;
802;Suche nach Kandidaten verschiedener Niveaus;
803;Suchen Sie nach Ansprechpartnern für Entscheidungsträger;
804;Suche nach Spezialisten;
805;Sekretär;
806;Sicherheit;
807;Sicherheitsadministrator;
808;Sicherheitsanalyst;
809;Sicherheitsingenieur;
810;Auswahl von Spezialisten;
811;Verkäufer B2B Aktiv-Passiv alles in einem;
812;Leitender Analyst;
813;Senior Manager;
814;SEO;
815;SEO-Analyst;
816;SEO-Spezialist;
817;Serveradministrator;
818;Servicetechniker Servicetechniker;
819;Service Manager;
820;Service-Netzwerkmanager;
821;SharePoint-Entwickler;
822;Verkäufer;
823;Siebel CRM-Entwicklung;
824;Siebel-Betreuer;
825;Signalisierung;
826;Seitenadministrator;
827;Site-Reliability-Ingenieur;
828;Smart-Contract-Entwickler;Entwickler intelligenter Verträge
829;KMU - Prüfredakteur;
830;smm-Designer;
831;SMM-Spezialist;
832;SOC;
833;SOC-Analyst;
834;Sozialingenieur;
835;Social-Media-Spezialist;
836;Software-Analyst;
837;Softwarearchitekt;
838;Softwareentwickler;
839;Softwareentwickler im Test;
840;Softwareentwicklungsingenieur im Test;
841;Softwareentwickler;
842;Software-Engineering-Manager;
843;Software für VT und automatisierte Systeme;
844;Softwaretester;
845;Softwaretest;
846;Spezialist für Softwaretests;
847;Solidität;
848;Solidity-Entwickler;
849;Lösungsarchitekt;
850;Audiogestaltung;
851;Sounddesigner;
852;Quelle;Queller
853;Queller;
854;Beschaffung;
855;Beschaffungs-Spezialist;
856;SPA-Service;
857;Spezialist;
858;Sonderprojektmanager;
859;SPO-Administrator;
860;Sponsor und Teamleiter;
861;Springboot;
862;sql;
863;SQL-Entwickler;
864;SQL-Abfragen;
865;SRE;
866;Mitarbeiter;
867;Stabslegende;
868;Lager- und Speichersystemingenieur;
869;Lagerhalter;
870;Strategisches Management;
871;Strategiemanager;
872;Student;
873;Aufsicht;
874;liefern;
875;Unterstützung;
876;Support-Analyst;
877;Support-Manager;
878;Supportmitarbeiter für interne Logistikprodukte;
879;Support-Spezialist;
880;Systemadministrator;
881;System Architekt;
882;Systemingenieur;
883;Systemprogrammierer;
884;System-Analytiker;
885;Systemingenieur;
886;Systemtechnik;
887;Quelle für Talentakquise;Talentakquise-Quelle
888;Talentsuche;
889;Talentquelle;Talent-Sourcer
890;Targetologe;
891;T&D;TnD
892;Lehrer;
893;Teamleiter;Timlid
894;Teamleiter für fachkundige Begleitung;
895;Technischer Leiter;
896;Technews;
897;Technischer Account Manager;
898;technischer Künstler;
899;technischer Designer;
900;Technischer Direktor;
901;Technischer Leiter;
902;Technischer Projektmanager;
903;Technischer Personalvermittler;
904;technische Quelle;Technischer Sourcer
905;Technischer Sourcer bei Yandex;
906;technischer Spezialist;
907;Direktor für technischen Support;
908;Technischer Support-Ingenieur;
909;Technischer Support-Manager;
910;Spezialist des technischen Hilfedienstes;
911;technischer Schreiber;
912;Techniker;
913;Technologe;
914;Technische Entwicklung;
915;Technologiedirektor;
916;techpr;
917;Tech-Recruiter;
918;Telekommunikation;
919;Telegram-Bot-Entwickler;
920;Ausschreibungsspezialist;
921;prüfen;
922;Testautomatisierungsingenieur;
923;Testingenieur;
924;Prüfer;
925;Prüflaboringenieur;
926;Messleitung;
927;Testmanager;
928;Leiter des Testteams;
929;Texturkünstler;
930;Therapeut;
931;Bedrohungsjäger;
932;Werkzeugsoftware;
933;Spezialist für Handelsmarketing;
934;Entwickler von Trading-Bots;
935;Auszubildender;
936;Trainer;
937;Ausbildung;
938;Schulungs- und Anpassungsmanager;
939;Schulungs- und Entwicklungsmanager;
940;Ausbildungs- und Praktikumsspezialist;
941;Trainer;
942;Trainingsspezialist;
943;Übersetzung;
944;Übersetzer;
945;Übersetzer mit Deutsch- und Englischkenntnissen;
946;Typoskript;
947;Schriftsetzer;
948;UI/UX-Designer;
949;Unified Communications-Systemadministrator;
950;Einheitsleitung;
951;Unity3d-Entwickler;
952;Unity-Entwickler;
953;Unreal Engine-Entwickler;
954;Benutzerforscher;Benutzerforscher
955;UX-Analyst;
956;UX-Designer;
957;UX-Editor;
958;UX-Forschung;
959;UX-Forscher;
960;UX-Tester;
961;UX-Autor;
962;Vektorisierung;
963;Vertreter des Lieferanten;
964;Venture-Analyst;
965;Verifizierungszentrum;
966;VFX;
967;VFX-Künstler;
968;Videobearbeiter;
969;Virtualisierung;
970;Voip;
971;VoIP-Ingenieur;
972;Vizepräsident für Geschäftsentwicklung;
973;VR-Entwickler;
974;Vue – Entwickler;
975;Vue.js;Vuejs;Vuejs
976;Schwachstellenforscher;
977;WAF-Ingenieur;
978;Web3.0-Entwickler;
979;web3;
980;Web-Analyst;
981;Webanwendungskonfiguration;
982;Webdesigner;
983;Web-Entwickler;WebDev
984;Webdienstadministrator;
985;Website-Tester;
986;Webtester;
987;Webtests;
988;Fenster;
989;mit Kunden arbeiten;
990;Schriftsteller;
991;yii-Entwickler;
