1;1C ERP Analyst;
2;1c programmer;
3;1C support;
4;2D art;
5;2D artist;
6;2d game artist;
7;3d animator;
8;3D Generalist;
9;3D ML CV Engineer;
10;3d modeler;
11;3d visualizer;
12;Accountant;
13;account manager;
14;actress;
15;adaptation and assessment;
16;Admin;
17;Administration;
18;administrative department;
19;Administrative Specialist;
20;Administrator 1C;
21;Administrator;
22;Advisor;
23;Agile;
24;Agile coach;
25;Agile coaching;
26;Agile Delivery Coordinator;
27;Aho;
28;AI;
29;Algorithm engineer;
30;Analysis of research results;
31;Analyst 1C;
32;Analyst;
33;Analyst SOC;
34;Analyst team leader;
35;Android;
36;Android Developer;
37;Angular;
38;Animation designer;
39;Antifraud analyst;
40;Antifraud development;
41;APCS;
42;Application Administration;
43;Application designer;
44;Application developer;
45;Application Security;
46;Application Software Support Programmer;
47;AppSec;
48;APT;
49;Architect;
50;Art Director;
51;Article writing;
52;artist;
53;ASO Specialist;
54;Assessor;
55;Assessor-recruiter;
56;assistant;
57;assistant manager;
58;Assistant PM;
59;Assistant RM;
60;asterisk;
61;Atlassian administrator;
62;audit;
63;Auditor;
64;Automatic engineer. testing;
65;automation;
66;Autotest Architect;
67;AVR;
68;B2B Specialist;
69;backend developer;
70;Backend Golang Developer;
71;BDM;
72;bdm-manager;
73;Beginner Database Analyst in Microsoft Excel;
74;Beginner Information Security Specialist;
75;beginning;
76;Behavioral analytics specialist;
77;Benefits;
78;BI analyst;
79;BI developer;
80;big data;BigData;
81;Big Data Architect;
82;Big Data Developer;
83;Big Data Engineer;
84;billing;
85;billing engineer;
86;BIM coordinator;
87;BIM support;
88;Biologist;
89;Bitrix24;
90;Bitrix24 CRM;Bitrix 24 CRM;
91;Bitrix;
92;Bitrix developer;
93;blockchain;
94;blockchain developer;
95;Blockchain Engineer;
96;Blog editor;
97;Blogger;
98;Blogging;
99;Broad-skilled software engineer;
100;Broker;
101;Business analyst 1C;
102;Business analyst;
103;business architect;
104;Business Assistant;
105;Business Communication Skills Coach;
106;Business Dev;Biz Dev;
107;business development;
108;business development manager;
109;Business Intelligence Developer;
110;Business Presentation Design;
111;business processes;
112;Business trainer;
113;business travel manager;
114;Calculations;
115;call center operator;
116;car;
117;Career coaching;
118;casino;
119;CDO;
120;CEO;
121;CFO;
122;change manager;
123;Chatbots;
124;Chief Digital Transformation Officer;
125;Chief Editor;
126;Chief HR Specialist;
127;Chief Product Officer;
128;Chief Visionary Officer;
129;Chinese speaking manager;
130;chip design;
131;CIPF expert;
132;Circuit Engineer;
133;CISO;
134;CISO Cyber Security Manager;
135;clerk;
136;C-level;
137;Client Acquisition Specialist;
138;Client Relations Director;
139;cloud architect;
140;Cloud Engineer;
141;CloudOps;
142;coach;
143;commercial real estate;
144;Communication designer;
145;Communications and PR Manager;
146;Communications engineer;
147;community manager;
148;Compensation and Benefits Specialist;
149;compiler developer;
150;Compliance manager;
151;composer;
152;Comprehensive information security;
153;Comprehensive Security;
154;Computational linguist;
155;computer forensics;
156;Computer graphics artist;
157;Computer graphics developer;
158;Computer Incident Response Specialist;
159;Computer repair technician;
160;Computer systems and complexes;
161;computer vision;
162;Computer vision and machine learning specialist;
163;Computer vision developer;
164;computer vision engineer;
165;construction;
166;consultant;
167;Consulting;
168;Consulting Director;
169;Content Analyst;
170;Content Creator;
171;Content Director;
172;Content Manager;
173;Content Marketer;
174;Content Marketing;
175;Contextologist;
176;contextual advertising;
177;Contextual advertising specialist;
178;Contextual and targeted advertising specialist;
179;Contracting support;
180;contributing editor;
181;control;
182;COO;
183;Copyright;
184;copywriter;
185;Corporate Architect;
186;Corporate culture development manager;
187;corporate culture manager;
188;Courier;
189;Course Developer;
190;CPC Specialist;
191;CPMO;
192;Creative;
193;Creative Producer;
194;Cross-platform developer;
195;Crypto exchange;
196;Cryptographer;
197;CTO;
198;cubes;
199;Curator of IT internships at Rosatom;
200;custom equipment engineer;
201;Customer Development;
202;Customer Service Director;
203;Customer Service Manager;
204;Customer Success Manager;
205;Customer Support Supervisor;
206;CVO;
207;CV programmer;
208;CX Research;CX Researche;
209;Data;
210;data analyst;
211;data analytics;
212;Database architect;
213;Database Developer;
214;data curator;
215;data engineer;
216;Data manager;
217;Data Privacy Specialist;
218;data science;
219;Data Scientist;Data Scaintist;
220;data warehouse;
221;Date Engineer;
222;Dating Services;
223;DBA;
224;deep learning;
225;Deep learning computer vision application;
226;Deep Learning Engineer;Deep Learning Engeneer;
227;Delivery Director;
228;delivery manager;
229;Department head;
230;Deputy Director;
231;deputy director of the department;
232;Deputy Head of Department;
233;Deputy Technical Director;
234;Design;
235;design and renovation of apartments;
236;Design director;
237;design engineer;
238;Designer;
239;Designer illustrator;
240;Desktop developer;
241;developer;
242;Developer Analyst;
243;Developer at Wordpress;
244;Developer in distance learning;
245;Developer Murex;
246;Developer Navision;
247;Developer Relations;
248;Development and adaptation manager;
249;Development Director;
250;Development manager;
251;Development of autotests;
252;Development of IT projects;
253;Development team leader;
254;devops;
255;DevOps engineer;
256;devrel;
257;DevRel manager;
258;DevSecOps - Architect;
259;Dev Team Lead;
260;Diasoft;
261;digital account manager;
262;Digital Director;
263;digital marketing;
264;Digital Marketing Manager;
265;digital PR manager;
266;direct contracting manager;
267;Directologist;
268;Director;
269;Director of Business Development;
270;Director of Development;
271;Director of Engineering;
272;Director of Sales;
273;Director of Science;
274;Director's assistant;
275;Discord bot development;
276;Document;;
277;documentation development;
278;D.S.;DS;
279;DWH analyst;
280;economist;
281;Economist-analyst;
282;Editing;
283;Editor;
284;Editor-proofreader;
285;EDS setting;
286;Education;
287;Educational designer;
288;Education and development;
289;E-learning developer;
290;electrics;
291;Electronic engineer;
292;Electronics development;
293;Electronix engineer;Electronix engeneer;
294;email;
295;Email and CRM Marketing;
296;Email marketing;
297;Embedded;
298;Embedded developer;
299;Embedded Systems Engineer;
300;Embedded systems interface design;
301;Emotional Intelligence Trainer;
302;Employer Brand;
303;Employer branding specialist;
304;Employer Brand Manager;
305;Employer Reputation Manager;
306;Engineer;
307;engineering manager;
308;Engineer manager;
309;English Methodologist;
310;English teacher;
311;Entrepreneur;
312;Environment designer;
313;ERP Maintenance;
314;ERP programmer;
315;ESG;
316;ETL developer;
317;event;
318;event manager;
319;event specialist;
320;Executive Director;
321;Expert;
322;filling courses for online schools;
323;Film editor;
324;Finance;
325;Financial analyst;
326;Financial business partner;
327;Flash animator;
328;Flight Ticket;
329;Flutter;
330;flutter developer;
331;Founder;
332;Founder of Star Staff;
333;Founder Recruitment Agency Elect Hunter;
334;FPGA developer;
335;FPGA Engineer;
336;frames;
337;freelance;
338;freelance recruiter;
339;From schematic to software;
340;Frontend developer;
341;Front end developer;Frontend developer;
342;Front End Engineer;Frontend Engineer;
343;Full stack developer;
344;Full stack embedded developer;
345;Full stack QA;Fullstack QA;
346;Game Analyst;
347;game designer;Game-Designer;
348;game dev;
349;Game developer;
350;game online;
351;games and applications;
352;Game Tester;
353;Gaming;
354;GDPR;
355;General;
356;Geodata Specialist;
357;Go;
358;Go developer;
359;golang;
360;Golang developer;
361;Golang software engineer;
362;Graphic Designer;
363;group manager;
364;Hadoop Administrator;
365;hardware engineer;
366;Head of;
367;Head of Administrative Department;
368;head of analytics and testing unit;
369;Head of Assessment and Development Department;
370;Head of Book Layout Department;
371;Head of Business Partners;
372;Head of CISO Department;
373;Head of Communications;
374;Head of Customer Support Department;
375;Head of Cyber Security;
376;head of department;
377;head of design;
378;Head of designers;
379;Head of Developer Relations;
380;head of development;
381;Head of Development Department;
382;Head of digital marketing;
383;Head of Digital Solutions;
384;Head of Employer Branding;
385;head of front end;Head of frontend;
386;Head of frontend department;
387;Head of HR;
388;Head of Information Infrastructure Department;
389;Head of Information Technology Department;
390;Head of Internet Marketing Department;
391;Head of iOS;
392;Head of IT department;
393;Head of IT Recruitment;
394;Head of JavaScript;
395;Head of Marketing;
396;head of mobile;
397;Head of OIB;
398;Head of Partner Department;
399;Head of PMO;
400;Head of Production IT;
401;Head of Recruitment;
402;Head of Sales Department;
403;Head of Sales for Existing Clients;
404;Head of Security;
405;Head of SEO;
406;Head of software development department;
407;Head of System Administration Department;
408;Head of Systems Analysis Department;
409;Head of technical support department;
410;Head of testing department;
411;Head of Training;
412;Head of UX research and product design;
413;Hiring director;
414;hiring manager;
415;host of events;
416;Household Appliance Repair Master;
417;HR;
418;HR administration;
419;HR Analyst;
420;HR BP;HRBP;;
421;HR brand;
422;HR Brand and Internal Communications Manager;
423;HR brand development;
424;HR brand manager;
425;HR Brand Specialist;HR-brand specialist;
426;HR business partner;
427;HR business specialist;
428;HR communication;
429;HR communications specialist;
430;HRD;
431;HR department management;
432;HR Director;
433;HRG;
434;H.R. Generalist;HR Generalist;
435;HRG in IT;
436;HR IT;
437;HR manager;
438;HR manager assistant;
439;HR marketing;
440;HR partner;
441;HR project manager;
442;HR Specialist;
443;HR Tech;
444;HTML coder;
445;human resources;
446;ICO;initial coin offering;
447;Idea's generator;
448;Illustrator;
449;implementation;
450;Implementation Engineer;
451;industrial design;
452;influencer manager;
453;Infocommunication technologies and communication systems;
454;Information security architect;
455;Information security audit;
456;Information Security Specialist;
457;Information systems implementation and support engineer;
458;Information systems support engineer;
459;Information Technology Director;
460;Infrastructure Architect;
461;Infrastructure Developer;
462;In Kubernetes development;
463;Installer;
464;integration;
465;Integration Analyst;
466;Interface designer;
467;Interior designer;
468;Intern;
469;Internal and external communications manager;
470;Internal communications;
471;Internal communications manager;
472;Internal corporate communications;
473;Internal HR;
474;international PR project manager;
475;Internet Marketer;
476;Internet Marketing;
477;Intern programmer;
478;Introducer and guardian of rules and practices;
479;ios;
480;iOS developer;
481;IoT;
482;IS operator;
483;IS system integrator - implementation;
484;IT;
485;IT Analyst;
486;IT Director;
487;IT Headhunter;
488;IT HR;
489;IT Human Resources Business Partner;
490;IT infrastructure cybersecurity architect;
491;IT lead;IT-lead;
492;IT project manager;
493;IT Recruiter;IT-Recruiter;
494;IT Recruiter â€“ Atsearch - Crowd Recruitment;
495;IT Recruiter IT recruiter;
496;IT Recruitment;IT Recruting;
497;IT Recruitment Team Leader and IT Business Partner;
498;IT researcher;IT-researcher;
499;IT SOURCER;IT-SOURCER;
500;IT specialists;
501;IT Talent Acquisition Specialist;
502;java;
503;Java developer;
504;Java EE;
505;Java programmer;
506;JavaScript developer;
507;Java Team Lead;
508;Jira administrator;
509;Jira developer;
510;junior consultant;
511;Junior HR manager;
512;Junior Human Resources Specialist;
513;junior producer;
514;Junior Software Testing Specialist;
515;Junior tester;
516;key account manager;
517;Knowledge Base Manager;
518;labor law;
519;Labor protection specialist;
520;land management;
521;Laravel;
522;Laravel Full Stack Developer;Laravel Fullstack Developer;
523;Lawyer;
524;Layout of books for printing;
525;Leadership positions;
526;Lead generation;
527;Lead Generation Specialist;
528;Lead Generator;
529;Lead HR Manager;
530;Leading Specialist;
531;Leading System Integration Sales Manager;
532;Lead QA Engineer;
533;Legal analytics;
534;Lending;
535;Level Design;
536;Level Designer;
537;link builder;linkbuilder;
538;linux;
539;Linux administrator;
540;linux kernel;
541;Linux system engineer;
542;Linux system programmer;
543;Load testing engineer;
544;Load Testing Specialist;
545;load testing specialization;
546;localization;
547;Localization Manager;
548;Locksmith - repairer of refrigeration equipment;
549;logistician;
550;Logistics;
551;logo designer;
552;Looking for an assistant;
553;Looking to change job to Beckend Developer;
554;low code developer;
555;machine learning;
556;machine learning engineer;
557;Machine Learning Research Programmer;
558;macos;
559;mainframe developer;
560;Maintaining a knowledge base;
561;Management;
562;manager;
563;Manual test engineer;
564;Manual testing;
565;Market Analyst;
566;Marketer;
567;Marketing Analyst;
568;Marketing director;
569;Marketing Manager;
570;marketplace manager;
571;Master;
572;mathematician;
573;matlab;
574;Matlab Simulink;
575;media buyer;
576;Medical psychologist;
577;methodologist;
578;microcontroller programmer;
579;microcontroller programming;
580;Microcontrollers;
581;Middle Frontend Developer;
582;ML;
583;ML developer;
584;ML developer-researcher;
585;ML DL Engineer;
586;ML engineer;
587;MLOps;
588;MLOps Engineer;
589;mobile app analyst;
590;Mobile Application Developer;
591;Mobile app tester;
592;mobile developer;
593;Mobile game tester;
594;model;
595;modeling;
596;Models;
597;Moderation team leader;
598;moderator;
599;Monitoring;
600;Monitoring Systems Engineer;
601;Motion designer;
602;music;
603;narrative designer;
604;Network administrator;
605;network architect;
606;Network automation engineer;
607;NLP specialist;
608;NoCode - NoProblem;
609;Node.js;
610;NodeJS Developer;
611;novice tester;
612;Nurse;
613;Oaid Services;
614;object design;
615;office manager;
616;office work;
617;Online store design;
618;Operations;
619;Operations Engineer;
620;operations manager;
621;Operator;
622;Organizational psychologist;
623;Organization of the process;
624;other;
625;Outsourcing manager;
626;Owner;
627;Parsing;
628;Partner projects marketer;
629;PC operator;
630;Pentester;
631;People manager;
632;People Operations Specialist;
633;People Partner;
634;Performance Engineer;Perfomance Engineer;
635;Performance Marketer;
636;performance marketing;Perfomance marketing;
637;personal assistant;
638;Personel assessment;
639;personnel documents;
640;Personnel Management;
641;personnel officer;
642;Personnel training and development manager;
643;Personnel training manager;
644;pharmacy;
645;Photographer;
646;php;
647;physician;
648;piercing;
649;PLC programming in the CodeSys environment;
650;PLM Administrator;
651;PMM;
652;PMO;
653;Pool;
654;Portrait painter;
655;POS designer;
656;PostgreSQL Administrator;
657;Power supply;
658;PP;
659;PPC;
660;PPC Specialist;
661;PR;
662;Presale Consultant;
663;Presale engineer;
664;Presentation designer;
665;Private medical practice;
666;PR manager;
667;Process Analyst;
668;Process control engineer;
669;Process Manager;
670;Procurement;;
671;Procurement Specialist;
672;product;
673;Product Analyst;
674;Product Delivery Lead;
675;Product designer;
676;Product Director;
677;Product editor;
678;product engineer;
679;production automation;
680;Production Center Manager;
681;Production director;
682;Product Manager;
683;Product Marketer;
684;product marketing;
685;product marketing manager;
686;product owner;
687;product team lead;
688;Product Techlead;
689;Program manager;
690;programmer;
691;programming;
692;project;
693;project administrator;
694;Project Coordinator;
695;Project Curator;
696;Project development;
697;Project director;
698;Project management;
699;Project Management Office Specialist;
700;project management specialist;
701;Project Manager;Project administrator;
702;Project Manager Assistant;
703;Project Manager Intern;
704;Project office manager;
705;Project support;
706;Project Support Officer;
707;Prototype developer;
708;protypist;
709;Psychologist;
710;Psychotherapist;
711;publishing house manager;
712;Purchasing manager;
713;Python;
714;Python developer;
715;Python QA;
716;python software engineer;
717;Python web;Pythone web;
718;QA;
719;QA Engineer;
720;QA Engineer Manual;
721;QA Engineer mobile;
722;QAF;
723;QA manager;
724;QA specialist;
725;QA Tester;
726;QC Engineer;QC engeneer;
727;QlikSense;
728;Qt frontend;
729;Qualification Engineer;
730;quality assurance;
731;Quality Assurance Analyst;
732;Quality Assurance Director;
733;Quality Assurance Engineer;
734;Quality Assurance Manager;
735;Quality Manager;
736;radio engineer;
737;React;React.js;React.js;
738;React Developer;
739;recruiter;Recrtuiter;
740;Recruiter Assistant;
741;Recruiter at Yandex.Practice;
742;Recruiting;
743;recruiting agency director;
744;recruitment;
745;Recruitment Assessor;
746;Recruitment department assistant;
747;Recruitment Project Manager;
748;Recruitment Researcher;
749;Recruitment Specialist;
750;Regional Representative;
751;Release engineer;
752;release manager;
753;Rendering engineer;
754;requirements engineer;
755;research;
756;Research Analyst;
757;Research & Development;
758;Research Engineer;
759;researcher;
760;Research Team Leader;
761;resource manager;
762;Resourcer;
763;Retail;
764;Reverse engineering specialist;
765;Risk Analyst;
766;Robot development;
767;Robotics engineer;
768;RPA;
769;RPA Developer;
770;RS WMS;
771;RTE;
772;RTL Developer;
773;Ruby on Rails Backend;
774;Ruby on Rails developer;
775;Ruby programmer;
776;Russian-Romanian translator;
777;Safety;
778;salary;
779;sale;
780;sale of products;
781;sales;
782;Sales Analyst;
783;sales department;
784;Sales Engineer;
785;sales force;Salesforce;
786;salesforce developer;
787;Salesman;
788;Sales Manager;
789;Sales Representative;
790;Sales team leader;
791;SAP;
792;SAP Consultant;
793;SAP ERP FI;
794;SAP EWM user;
795;SAP FI Consultant;
796;scala;
797;Scientific research;
798;Scientist;
799;Scrapy Developer;
800;Scrum Master;
801;SDET;
802;Search for candidates of various levels;
803;Search for decision maker contacts;
804;Search for specialists;
805;Secretary;
806;security;
807;Security Administrator;
808;Security Analyst;
809;Security Engineer;
810;Selection of specialists;
811;Seller b2b active-passive all in one;
812;Senior analyst;
813;Senior manager;
814;SEO;
815;SEO Analyst;
816;SEO Specialist;
817;Server Administrator;
818;Service engineer Service engineer;
819;Service manager;
820;Service network manager;
821;SharePoint Developer;
822;Shop assistant;
823;Siebel CRM development;
824;siebel maintainer;
825;signaling;
826;Site administrator;
827;Site Reliability Engineer;
828;smart contract developer;Smart contracts developer;
829;SME - checking editor;
830;smm designer;
831;SMM specialist;
832;SOC;
833;SOC Analyst;
834;Social Engineer;
835;Social media specialist;
836;Software Analyst;
837;Software Architect;
838;software developer;
839;Software Developer In Test;
840;Software Development Engineer in Test;
841;Software Engineer;
842;software engineering manager;
843;Software for VT and automated systems;
844;Software tester;
845;Software testing;
846;software testing specialist;
847;solidity;
848;Solidity developer;
849;solution architect;
850;sound design;
851;sound designer;
852;source;sourcer;
853;Sourcer;
854;Sourcing;
855;Sourcing specialist;
856;SPA Service;
857;specialist;
858;Special Projects Manager;
859;SPO Administrator;
860;Sponsor and team leader;
861;springboot;
862;SQL;
863;SQL Developer;
864;SQL queries;
865;SRE;
866;staff;
867;Staff Legend;
868;storage and storage system engineer;
869;Storekeeper;
870;Strategic management;
871;Strategy Manager;
872;student;
873;Supervisor;
874;supply;
875;Support;
876;Support Analyst;
877;Support Manager;
878;Support operator for internal logistics products;
879;support specialist;
880;System Administrator;
881;System Architect;
882;System engineer;
883;System programmer;
884;Systems Analyst;
885;systems engineer;
886;systems engineering;
887;Talent Acquisition Source;Talent Acquisition Sourcer;
888;Talent Search;
889;Talent Source;Talent Sourcer;
890;Targetologist;
891;T&D;TnD;
892;teacher;
893;Team Lead;Timlid;
894;Team leader for expert accompaniment;
895;Tech Lead;
896;technews;
897;Technical Account Manager;
898;technical artist;
899;technical designer;
900;Technical Director;
901;Technical leader;
902;Technical Project Manager;
903;Technical Recruiter;
904;technical source;technical sourcer;
905;Technical Sourcer at Yandex;
906;Technical Specialist;
907;Technical Support Director;
908;Technical Support Engineer;
909;Technical support manager;
910;Technical Support Specialist;
911;technical writer;
912;technician;
913;Technologist;
914;Technology Development;
915;Technology Director;
916;techpr;
917;Tech-recruiter;
918;Telecommunications;
919;Telegram bot developer;
920;Tender Specialist;
921;test;
922;Test Automation Engineer;
923;test engineer;
924;Tester;
925;Test laboratory engineer;
926;test lead;
927;Test manager;
928;Test team leader;
929;texture artist;
930;Therapist;
931;Threat Hunter;
932;Tool software;
933;Trade Marketing Specialist;
934;Trading bot developer;
935;trainee;
936;Trainer;
937;Training;
938;Training and Adaptation Manager;
939;Training and Development Manager;
940;training and internship specialist;
941;Training Manager;
942;Training Specialist;
943;Translation;
944;Translator;
945;Translator with knowledge of German and English;
946;typescript;
947;typesetter;
948;UI/UX designer;
949;Unified Communications System Administrator;
950;unit lead;
951;Unity3d developer;
952;Unity Developer;
953;Unreal Engine Developer;
954;User Researcher;User Reseacher;
955;UX Analyst;
956;UX designer;
957;UX Editor;
958;UX research;
959;UX researcher;
960;UX tester;
961;UX Writer;
962;vectorization;
963;Vendor Representative;
964;Venture Analyst;
965;Verification Center;
966;VFX;
967;VFX Artist;
968;video editor;
969;Virtualization;
970;VoIP;
971;VoIP engineer;
972;VP of Business Development;
973;VR developer;
974;Vue - developer;
975;Vue.js;Vuejs;Vuejs;
976;Vulnerability Researcher;
977;WAF engineer;
978;Web3.0 Developer;
979;web3;
980;Web Analyst;
981;Web Application Configuration;
982;Web Designer;
983;web developer;WebDev;
984;Web services admin;
985;Website tester;
986;web tester;
987;web testing;
988;windows;
989;work with clients;
990;Writer;
991;yii-developer;
