1;Аналитик 1С ERP;
2;1c программист;1с программист;Программист 1С;Программист 1С;
3;Поддержка 1С;
4;2D арт;
5;2D-художник;2D художник;2D художник;
6;художник 2D-игр;
7;3d-аниматор;
8;3D универсальный;
9;3D ML CV инженер;
10;3d моделлер;3d модельер;
11;3d визуализатор;
12;Бухгалтер;
13;Менеджер по работе с клиентами;Аккаунт менеджер;Аккаунт менеджер;
14;актрисса;актриса;
15;адаптации и оценке;адаптация и оценка;
16;Администратор;
17;Администрирование;
18;административно-хозяйственный отдел;
19;Административный специалист;
20;Администратор 1С;
21;Администратор;
22;Советник;
23;Проворный;
24;тренер по Agile;
25;Agile-коучинг;
26;Координатор Agile Delivery;
27;Ахо;
28;ИИ;
29;Инженер алгоритмист;
30;Анализ результатов исследований;
31;Аналитик 1С;
32;Аналитик;
33;Анатилик SOC;
34;Руководитель группы аналитиков;
35;андроид;
36;Android-разработчик;Разработчик Android;Разработчик Android;
37;Угловой;
38;Дизайнер анимаций;
39;Антифрод аналитик;
40;Разработка антифрода;
41;АСУТП;
42;Прикладное администрирование;
43;Дизайнер приложений;
44;Разработчик приложений;
45;Безопасность приложений;
46;Программист поддержки прикладного ПО;
47;Безопасность приложений;
48;АПТ;
49;Архитектор;
50;Арт директор;
51;Написание статей;
52;художник;
53;ASO-специалист;АСО-специалист;
54;Асессор;
55;Асессор-рекрутер;
56;ассистент;
57;Ассистент менеджера;помощник руководителя;помощник руководителя;
58;Помощник премьер-министра;
59;Помощник РМ;
60;звездочка;
61;Atlassian администратор;Администратор Atlassian;
62;Аудит;
63;Аудитор;
64;Инженер по автомат. тестированию;Инженер по автомат. тестирование;
65;автоматизация;Автоматика;Автоматика;
66;Архитектор автотестов;
67;АВР;
68;Специалист B2B;
69;Бэкенд-разработчик;Бэкенд разработчик;Бэкенд разработчик;
70;Бэкэнд-разработчик Golang;
71;БДМ;
72;БДМ-менеджер;
73;начинающий аналитик базы данных в Microsoft Excel;
74;Начинающий специалист в области Информационной Безопасности;
75;начинающий;
76;Специалист по поведенческой аналитике;
77;Бенефиты;
78;Аналитик бизнес-аналитики;BI Аналитик;БИ Аналитик;Аналитик BI;Аналитик БИ;
79;BI-разработчик;
80;Большие данные;
81;Архитектор больших данных;
82;Разработчик больших данных;
83;Инженер по большим данным;
84;биллинг;
85;инженер биллинга;
86;BIM-координатор;БИМ-координатор;
87;BIM-поддержка;
88;Биолог;
89;Битрикс24;
90;Битрикс 24 CRM;
91;Битрикс;
92;Bitrix-разработчик;Битрикс-разработчик;Битрикс разработчик;Битрикс разработчик;
93;блокчейн;
94;блокчейн-разработчик;Blockchain разработчик;Блокчейн разработчик;Блокчейн разработчик;Разработчик Blockchain;Разработчик Блокчейн;
95;Блокчейн-инженер;
96;Редактор блога;
97;Блогер;
98;Ведение блога;
99;Инженер-программист широкого профиля;
100;Брокер;
101;Бизнес аналитик 1С;
102;Бизнес аналитик;Бизнес-аналитик;
103;Бизнес-архитектор;
104;Бизнес-ассистент;
105;Бизнес-тренер по коммуникативным навыкам;
106;Биз Дев;
107;Развитие бизнеса;
108;Менеджер по развитию бизнеса;
109;Разработчик бизнес-аналитики;
110;Дизайн презентаций для бизнеса;
111;Бизнес-процессы;
112;Бизнес-тренер;
113;администратор отдела деловых поездок;администратор отдела окружающего мира;
114;Расчеты;
115;Оператор кол центра;
116;машина;
117;Карьерный коучинг;
118;казино;
119;СДО;
120;Генеральный директор;
121;Финансовый директор;
122;Менеджер изменений;
123;Чат-боты;
124;Директор по цифровой трансформации;
125;Главный редактор;
126;Главный специалист по персоналу;
127;Директор по продукту;
128;Главный провидец;
129;Менеджер со знанием китайского языка;
130;Дизайн чипа;
131;Эксперт по СКЗИ;
132;Инженер-Схемотехник;
133;ЦИСО;
134;Менеджер по кибербезопасности CISO;
135;Делопроизводитель;
136;С-level;С-уровень;
137;Специалист по поиску клиентов;
138;Директор по работе с клиентами;
139;Облачный архитектор;
140;Инженер по облачным вычислениям;
141;облачные операции;
142;Коуч;Тренер;
143;коммерческая недвижимость;
144;Коммуникационный дизайнер;
145;Менеджер по коммуникациям и PR;
146;Инженер связи;
147;Менеджер сообщества;
148;Специалист по компенсациям и льготам;
149;Разработчик компилятора;Разработчик компиляторов;Разработчик компиляторов;
150;Менеджер по соблюдению;
151;композитор;
152;Комплексное обеспечение информационной безопасности;
153;Комплексная безопасность;
154;Компьютерный лингвист;
155;Компьютерная криминалистика;
156;Художник компьютерной графики;
157;Разработчик компьютерной графики;
158;Специалист по реагированию на компьютерные инциденты;Специалист по реагированию на компьютерные приборы;
159;Техник по ремонту компьютеров;
160;Компьютерные системы и комплексы;
161;Компьютерное зрение;
162;Специалист по компьютерному зрению и машинному обучению;
163;Разработчик систем компьютерного зрения;
164;Инженер компьютерного зрения;
165;строительство;
166;консультант;
167;Консультирование;
168;Директор по консалтингу;
169;Контентный аналитик;
170;Создатель контента;
171;Директор по контенту;
172;Менеджер по контенту;
173;Контент-маркетолог;
174;Контент-маркетинг;
175;Контекстолог;
176;Контекстная реклама;
177;Специалист по контекстной рекламе;
178;Специалист по контекстной и таргетированной рекламе;
179;Контрактная поддержка;
180;пишущий редактор;Письменный редактор;
181;управление;
182;главный операционный директор;
183;Копирайт;
184;копирайтер;
185;Корпоративный архитектор;
186;Менеджер по развитию корпоративной культуры;
187;Менеджер по корпоративной культуре;
188;Курьер;
189;Разработчик учебных курсов;Разработчик академических курсов;
190;CPC-специалист;КПК-специалист;
191;КПМО;
192;Креатив;
193;Креативный продюсер;
194;Кроссплатформенный разработчик;
195;Крипто биржа;
196;Криптограф;
197;Главный инженер;
198;кубиков;
199;Куратор IT-стажировок Росатома;
200;инженер по нестандартному оборудованию;
201;Развитие клиентов;
202;Директор по обслуживанию клиентов;
203;Менеджер по обслуживанию клиентов;
204;Менеджер по работе с клиентами;
205;Супервайзер поддержки клиентов;
206;КВО;
207;CV программист;
208;Исследования CX;
209;данные;
210;Аналитик по данным;
211;аналитика данных;
212;Архитектор баз данных;
213;Разработчик баз данных;
214;Куратор данных;
215;инженер данных;Инженер по данным;Инженер по данным;
216;Менеджер данных;
217;Специалист по конфиденциальности данных;
218;Наука о данных;
219;Аккаунт данных;Ученый по данным;Учёный по данным;Учёный по данным;
220;Хранилище данных;
221;Дата Инженер;
222;Службы знакомств;
223;Администратор баз данных;
224;глубокое обучение;
225;Приложение компьютерного зрения для глубокого обучения;
226;Инженер глубокого обучения;
227;Директор доставки;
228;Менеджер по доставке;
229;Руководитель отдела;Руководитель подразделения;Руководитель подразделения;
230;заместитель директора;
231;заместитель директора департамента;
232;Заместитель начальника управления;
233;Заместитель технического директора;
234;Дизайн;Проектирование;Проектирование;
235;дизайн и ремонт квартир;
236;Дизайн директор;
237;инженер-проектировщик;
238;Дизайнер;
239;Дизайнер иллюстратор;
240;Десктоп разработчик;Десктоп-разработчик;
241;Разработчик;
242;Аналитик-разработчик;
243;Разработчик на Wordpress;
244;Разработчик в дистанционном обучении;
245;Разработчик Murex;
246;Разработчик Navision;
247;Отношения с разработчиками;
248;Менеджер по развитию и адаптации;
249;Директор отдела разработки;
250;Руководитель разработки;
251;Разработка автотестов;
252;Развитие ит-проектов;
253;Руководитель группы разработки;Руководитель команды разработки;Руководитель команды разработки;
254;Девопс;
255;DevOps-инженер;Девопс инженер;Девопс инженер;
256;деврел;
257;Диспетчер DevRel;
258;DevSecOps — Архитектор;
259;Ведущий группы разработчиков;
260;Диасофт;
261;Цифровой менеджер по работе с клиентами;
262;Цифровой директор;
263;Цифровой маркетинг;
264;Менеджер по цифровому маркетингу;
265;Цифровой PR-менеджер;
266;менеджер прямого контрактинга;
267;Директолог;
268;Режиссёр;
269;Директор по развитию бизнеса;
270;Директор по развитию;
271;Технический директор;
272;Директор по продажам;
273;Директор по науке;
274;Ассистент руководителя;Помощник руководителя;
275;Разработка ботов Discord;
276;Документ;
277;разработка документации;
278;ДС;
279;Аналитик СХД;
280;экономист;
281;Экономист-аналитик;
282;Редактура;Редактор;
283;Редактор;
284;Редактор-корректор;
285;настройка ЭЦП;
286;Образование;обучение;обучение;
287;Педагогический дизайнер;
288;Обучение и развитие;
289;Разработчик электронных курсов;
290;электика;электрика;
291;Инженер-электронщик;
292;Разработка электроники;
293;Инженер Электроникс;
294;электронная почта;
295;Email и CRM маркетинг;Электронная почта и CRM-маркетинг;
296;Email-маркетинг;
297;Встроенный;
298;Разработчик встраиваемых систем;
299;Инженер встраиваемых систем;
300;Дизайн интерфейса встроенных систем;Дизайн фасадов встроенных систем;
301;Тренер по развитию эмоционального интеллекта;
302;Бренд работодателя;
303;Специалист по продвижению бренда работодателя;Специалист по брендингу работодателя;
304;Бренд-менеджер работодателя;Менеджер по развитию бренда работодателя;Менеджер по развитию бренда работодателя;
305;Менеджер по репутации работодателя;
306;Инженер;
307;Инженер-менеджер;
308;Менеджер инженеров;
309;английский методист;
310;Учитель английского;
311;Предприниматель;
312;Дизайнер среды;
313;Сопровождение ERP;
314;ERP-программист;
315;;
316;ETL разработчик;ETL-разработчик;
317;событие;
318;менеджер событий;Event-менеджер;Event-менеджер;
319;Специалист по мероприятиям;
320;Исполнительный директор;
321;Эксперт;
322;наполнение курсов для онлаин школы;наполнение курсов для онлайн школы;
323;Режиссер монтажа;
324;Финансы;
325;Финансовый аналитик;
326;Финансовый бизнес-партнер;
327;Flash-аниматор;
328;Билет на самолет;
329;Флаттер;
330;Разработчик флаттера;flutter-разработчик;flutter-разработчик;
331;Фаундер;Основатель;Основатель;Основатель;
332;Основатель Star-Staff;Основатель Звездный Посох;
333;Основатель кадрового агентства Elect Hunter;
334;FPGA разработчик;Разработчик ПЛИС;
335;Инженер FPGA;Инженер ПЛИС;
336;кадры;
337;фриланс;фрилансер;
338;Рекрутер-фрилансер;
339;От схемы до ПО;
340;Фронтенд разработчик;
341;Фронтенд-разработчик;
342;Фронтенд-инженер;
343;Фулстек разработчик;
344;Разработчик встраиваемых систем с полным стеком;
345;КК полного стека;
346;Гейм-аналитик;
347;Гейм-дизайнер;Дизайнер игр;Дизайнер игр;
348;Разработчик игр;
349;Разработчик игр;
350;игра онлайн;
351;игр и приложений;игры и приложения;
352;Тестеровщик игр;Тестировщик игр;Тестировщик игр;
353;Игры;
354;;
355;Генерал;Общий;
356;Специалист по работе с геоданными;
357;Го;
358;Go разработчик;Стать разработчиком;
359;Голанг;
360;Golang-разработчик;
361;Инженер-программист Golang;
362;Графический дизайнер;
363;Менеджер группы;
364;Администратор Hadoop;
365;Инженер по оборудованию;
366;Руководитель направления;
367;Руководитель административного отдела;
368;руководитель блока аналитики и тестирования;
369;Начальник отдела оценки и развития;
370;Начальник отдела подготовки макетов книг;Начальник отдела подготовки образцов книг;
371;Руководитель по работе с бизнес-партнёрами;Руководитель по работе с бизнес-партнерами;
372;Руководитель департамента CISO;
373;Руководитель по коммуникациям;
374;Руководитель отдела сопровождения клиентов;
375;Руководитель кибер безопасности;Руководитель кибербезопасности;
376;Начальник отдела;
377;Начальник отдела дизайна;
378;Руководитель дизайнеров;
379;Глава отдела по связям с разработчиками;
380;Руководитель отдела развития;
381;Руководитель департамента разработки;Руководитель департамента развития;Начальник управления развития;Начальник управления развитием;
382;Руководитель отдела цифрового маркетинга;
383;Руководитель направления цифровых решений;
384;Руководитель отдела брендинга работодателя;
385;Начальник фронтенда;
386;Руководитель отдела Frontend;
387;Начальник отдела кадров;
388;Начальник отдела информационной инфраструктуры;Начальник отдела личной информации;
389;Начальник отдела Информационных Технологий;
390;Руководитель отдела интернет-маркетинга;
391;Руководитель iOS;
392;Начальник отдела информационных технологий;Начальник ИТ отдела;Начальник ИТ отдела;Начальник отдела ИТ;Начальник отдела ИТ;
393;Руководитель направления подбора IT-специалистов;Руководитель отдела подбора ИТ-специалистов;
394;Руководитель направления JavaScript;
395;Начальник отдела маркетинга;
396;Начальник мобильной связи;
397;начальник ОИБ;
398;Руководитель отдела по работе с партнёрами;
399;Начальник ОУП;
400;Руководитель производственного отдела ИТ;
401;Руководитель найма персонала;Начальник отдела подбора персонала;
402;руководитель отдела продаж;
403;Руководитель отдела продаж действующим клиентам;Руководитель отдела продаж активных клиентов;
404;Руководитель службы безопасности;
405;Руководитель отдела SEO;
406;Руководитель отдела разработки ПО;
407;Руководитель отдела системного администрирования;Начальник отдела системного администрирования;Начальник отдела системного администрирования;
408;Начальник отдела системного анализа;
409;Руководитель отдела технической поддержки;
410;Руководитель подразделения тестирования;Руководитель подразделений тестирования;
411;Руководитель обучения;
412;Руководитель отдела UX-исследований и дизайна продуктов;
413;Директор по найму;
414;Менеджер по найму;
415;ведущая мероприятий;
416;Мастер по ремонту бытовой техники;
417;Отдел кадров;
418;Кадровое администрирование;
419;HR-аналитик;Аналитик по персоналу;Аналитик по персоналу;
420;бизнес-партнер по кадрам;
421;HR бренд;
422;Менеджер по HR-бренду и внутренним коммуникациям;
423;Развитие HR бренда;
424;Бренд-менеджер по персоналу;HR brand менеджер;HR бренд-менеджер;
425;специалист по HR бренду;специалист по HR-бренду;Специалист по продвижению HR бренда;Специалист по продвижению HR бренда;Специалист по HR-бренду;
426;Деловой партнер отдела кадров;HR Бизнес-партнер;HR Бизнес-партнер;
427;Специалист по кадровому делопроизводству;
428;Кадровая связь;
429;Специалист по HR-коммуникациям;
430;ПРД;
431;Управление HR-подразделением;
432;Директор по персоналу;
433;ПВГ;
434;Кадровый специалист;
435;HRG в IT;
436;HR ИТ;
437;HR менеджер;Менеджер по персоналу;Менеджер по персоналу;Менеджер по персоналу;Менеджер по подбору персонала;Менеджер по подбору персонала;
438;Ассистент менеджера по персоналу;
439;HR-маркетинг;
440;HR-партнер;HR партнер;HR партнер;
441;Менеджер проектов HR;
442;Специалист отдела кадров;Специалист по кадрам;
443;Кадровая служба;
444;HTML-верстальщик;
445;Человеческие ресурсы;
446;первичное предложение монет;
447;Генератор идей;
448;Иллюстратор;
449;внедрение;
450;Инженер внедрения;Инженер введения;
451;Промышленный дизайн;
452;Influence manager менеджер блогеров;Менеджер влияния менеджер блогеров;
453;Инфокоммуникационные технологии и системы связи;
454;Архитектор ИБ;
455;Аудит информационной безопасности;
456;Специалист по информационной безопасности;
457;Инженер по внедрению и поддержке информационных систем;
458;Инженер поддержки информационных систем;
459;Директор по информационным технологиям;
460;Архитектор инфраструктуры;Архитектор конфиденциально;Инфраструктурный Архитектор;Инфраструктурный Архитектор;
461;Разработчик инфраструктуры;
462;В разработке Kubernetes;
463;Монтажник;
464;интеграция;
465;Аналитик по интеграции;Аналитик по стандартам;Интеграционный аналитик;Интеграционный аналитик;
466;Дизайнер интерфейсов;
467;Дизайнер интерьера;
468;Стажер;
469;Менеджер по внутренним и внешним коммуникациям;
470;Внутренние коммуникации;
471;Менеджер по внутренним коммуникациям;
472;Внутрикорпоративные коммуникации;
473;Внутренний HR;Внутренний ЧСС;
474;менеджер международных PR проектов;менеджер международных PR-проектов;
475;Интернет-маркетолог;
476;Интернет маркетинг;Интернет-маркетинг;
477;Программист-стажер;
478;Вводитель и блюститель правил и практик;
479;иос;
480;iOS разработчик;iOS-разработчик;
481;Интернет вещей;
482;Оператор ИС;
483;Системный интегратор ИБ - внедрение;Системный интегратор ИБ - объединение;
484;ИТ;
485;ИТ аналитик;
486;ИТ-директор;
487;Охотник за головами в IT;
488;ИТ-HR;
489;Бизнес-партнер по ИТ-отделу;
490;Архитектор кибербезопасности ИТ-инфраструктуры;Архитекторы кибербезопасности ИТ-инфраструктуры;
491;ИТ-руководитель;
492;Менеджер ИТ-проектов;Менеджер IT-проектов;Менеджер IT-проектов;
493;ИТ-рекрутер;IT Рекрутер;IT Рекрутер;IT - рекрутер;ИТ - рекрутер;IT Рекрутёр;IT Рекрутёр;ИТ рекрутер;ИТ рекрутер;
494;ИТ-рекрутер – Atsearch – Crowd Recruitment;
495;IT Recruiter ИТ рекрутер;
496;ИТ-подбор;ИТ-рекрутинг;IT Рекрутмент;IT Рекрутмент;ИТ-Рекрутмент;ИТ-Рекрутмент;
497;Руководитель группы ИТ подбора и Бизнес-партнер в ИТ;
498;ИТ-исследователь;
499;ИТ-ИСТОЧНИК;
500;IT-специалисты;
501;Специалист по привлечению ИТ-специалистов;
502;ява;
503;Разработчик Java;Java разработчик;Java-разработчик;
504;Ява EE;
505;Java программист;Java-программист;
506;JavaScript-разработчик;
507;Руководитель группы Java;
508;Администратор Jira;
509;Jira разработчик;Jira-разработчик;
510;Младший консультант;
511;Младший менеджер по персоналу;
512;Младший специалист по работе с персоналом;
513;Младший продюсер;
514;Младший специалист по тестированию ПО;
515;Младший тестировщик;
516;Менеджер по работе с ключевыми клиентами;Ключевой Аккаунт менеджер;Ключевой Аккаунт менеджер;
517;Менеджер по управлению базой знаний;
518;трудовое законодательство;
519;Специалист по охране труда;
520;Землеустройство;
521;Ларавел;
522;Разработчик полного стека Laravel;
523;Юрист;
524;Верстка книг для печати;
525;Руководящие позиции;
526;Лидогенерация;
527;Специалист по лидогенерации;Специалист по генерированию лидов;
528;Лидогенератор;
529;Ведущий менеджер по персоналу;
530;Ведущий специалист;
531;Ведущий менеджер продаж системных интеграций;
532;Ведущий QA-инженер;
533;Правовая аналитика;
534;Кредитование;
535;Дизайн уровней;
536;Дизайнер уровней;
537;компоновщик ссылок;
538;линукс;
539;Администратор Linux;
540;Ядро Linux;
541;Системный инженер Linux;
542;Системный программист Linux;
543;Инженер нагрузочного тестирования;Инженер по нагрузочному тестированию;Инженер по нагрузочному тестированию;
544;Специалист по нагрузочному тестированию;
545;специализация нагрузочное тестирование;
546;локализация;
547;Менеджер локализации;
548;Слесарь - ремонтник холодильного оборудования;
549;Логист;
550;Логистика;
551;Дизайнер логотипов;
552;Ищу ассистента;
553;Стремлюсь сменить работу на Разработчика Beckend Developer;
554;Разработчик low-code;
555;Машинное обучение;
556;инженер по машинному обучению;
557;Программист-исследователь машинного обучения;
558;макос;
559;Разработчик мэйнфреймов;
560;Ведение базы знаний;
561;Руководство;Управление;менеджмент;менеджмент;
562;Менеджер;
563;Инженер по ручному тестированию;
564;Ручное тестирование;
565;Аналитик рынков;
566;Маркетолог;
567;Маркетинговый аналитик;
568;Директор по маркетингу;
569;Менеджер по маркетингу;
570;менеджер по маркетплейсам;
571;Мастер;
572;математик;
573;МатЛаб;
574;;
575;Закупщик медиа;
576;Медицинский психолог;
577;методолог;
578;Программист микроконтроллеров;
579;программирование микроконтроллеров;
580;Микроконтроллеры;
581;Разработчик среднего интерфейса;
582;Машинное обучение;
583;ML-разработчик;ML разработчик;
584;ML разработчик-исследователь;
585;Инженер ML DL;
586;Инженер машинного обучения;
587;мллопс;
588;Инженер MLOps;MLOps инженер;MLOPs инженер;
589;Аналитик мобильных приложений;
590;Разработчик мобильных приложений;
591;Тестировщик мобильных приложений;
592;Мобильный разработчик;
593;Тестеровщик мобильных игр;
594;модель;
595;моделирование;
596;Модели;
597;Руководитель группы модерации;
598;Модератор;
599;Мониторинг;
600;Инженер систем мониторинга;
601;Моушен дизайнер;
602;музыка;
603;Сюжетный дизайнер;Нарративный дизайнер;Нарративный дизайнер;
604;Администратор сетей;Администратор сети;
605;Сетевой архитектор;
606;Инженер автоматизации сети;Инженер сети безопасности;
607;специалист по НЛП;
608;БезКода - Нет Проблем;
609;;
610;Разработчик NodeJS;
611;начинающий тестировщик;
612;Сиделка;
613;Услуги по оказанию помощи;
614;предметный дизайн;
615;Офис-менеджер;Офис менеджер;Офис менеджер;
616;Делопроизводство;
617;Оформление интернет магазина;
618;Операции;
619;Инженер эксплуатации;
620;операционный менеджер;
621;Оператор;
622;Организационный психолог;
623;Организация процесса;
624;другое;
625;Аутсорс менеджер;Менеджер по работе с аутсорсерами;Менеджер по работе с аутсорсерами;
626;Собственник;Владелец;
627;Парсинг;
628;Маркетолог партнерских проектов;
629;Оператор ПК;
630;Пентестер;
631;Менеджер по работе с людьми;
632;Специалист по работе с людьми;
633;Народный партнер;
634;Инженер по производительности;
635;Perfomance маркетолог;Перфоманс маркетолог;
636;Перфоманс-маркетинг;
637;Личный помощник;Личный ассистент;Личный ассистент;
638;Оценка персонала;
639;кадровые документы;
640;Управление персоналом;
641;Кадровик;
642;Менеджер отдела обучения и развития персонала;
643;Менеджер по обучению персонала;
644;фармация;
645;Фотограф;
646;;
647;врач;
648;пирсинг;
649;Программирование ПЛК в среде CodeSys;
650;Администратор PLM;
651;ПММ;
652;ОУП;
653;Бассейн;
654;Художник-портретист;
655;Проектировщик ПОС;
656;Администратор PostgreSQL;
657;Электроснабжение;
658;ПП;
659;КПП;
660;PPC специалист;КПП специалист;
661;ПР;
662;Консультант по предпродаже;
663;Пресейл-инженер;
664;Дизайнер презентаций;
665;Частная медицинская практика;
666;PR-менеджер;
667;Процессный аналитик;
668;Инженер АСУТП;
669;Диспетчер процессов;
670;Закупки;
671;Специалист по закупкам;
672;продукт;Продакт;Продакт;
673;Продуктовый аналитик;
674;Клиент по доставке продукции;
675;Продуктовый дизайнер;
676;Директор продукта;
677;Продуктовый редактор;
678;Инженер по продукту;
679;автоматизация производства;
680;Руководитель производственного центра;
681;Директор производства;Директор по производству;
682;Менеджер продукта;
683;Продуктовый маркетолог;
684;Продуктовый маркетинг;
685;Менеджер по продуктовому маркетингу;
686;Владелец продукта;
687;Руководитель группы по продукту;
688;Технический руководитель продукта;
689;Программный менеджер;
690;программист;
691;программирование;
692;Проект;
693;администратор проектов;
694;Координатор проекта;
695;Куратор проекта;
696;Разработка проектов;
697;Директор проекта;
698;Проектное управление;
699;Специалист отдела управления проектами;
700;Специалист по управлению проектами;
701;Руководитель проекта;Администратор проекта;Менеджер проекта;Координатор проектов;Координатор проектов;Менеджер проекта;Менеджер проекта;Проект-менеджер;Проект-менеджер;
702;Ассистент менеджера проекта;
703;Стажёр менеджера проектов;
704;Руководитель проектного офиса;
705;Саппорт проекта;
706;Сотрудник по поддержке проектов;
707;Разработчик прототипов;
708;Протипист;
709;Психолог;
710;Психотерапевт;
711;менеджер издательства;
712;Менеджер по закупкам;
713;Питон;
714;Разработчик Python;python-разработчик;python-разработчик;
715;контроль качества Python;
716;инженер-программист Python;
717;Веб-сайт Python;
718;КК;
719;Инженер по обеспечению качества;qa инженер;ка инженер;
720;Руководство инженера по обеспечению качества;
721;Инженер по контролю качества мобильный;
722;КАФ;
723;Менеджер по контролю качества;
724;QA специалист;Квалификационный специалист;
725;QA Тестировщик;
726;Инженер по контролю качества;
727;;
728;Qt фронтенд;
729;Инженер по аттестации;
730;Обеспечение качества;
731;Аналитик по обеспечению качества;Аналитик по параметрам качества;
732;Директор по обеспечению качества;Директор по настройке качества;
733;Инженер по обеспечению качества;Инженер по оценке качества;
734;Менеджер по обеспечению качества;Менеджер по заданному качеству;
735;Руководитель по качеству;
736;Радиоинженер;
737;;
738;Разработчик React;
739;Рекрутер;Рекрутёр;Рекрутёр;
740;Помощник рекрутера;
741;Рекрутер в Яндекс.Практикум;
742;Вербовка;Рекрутинг;Рекрутинг;
743;Директор рекрутингового агентства;
744;вербовка;Подбор персонала;Подбор персонала;Рекрутмент;Рекрутмент;
745;Ассесор рекрутмента;
746;Ассистент отдела подбора персонала;
747;Менеджер проектов по подбору персонала;
748;Исследователь по подбору персонала;
749;Специалист по найму;Специалист по подбору персонала;Специалист по подбору персонала;Специалист по подбору персонала;
750;Региональный представитель;
751;Release инженер;Релиз инженер;Инженер релизов;Инженер релизов;Релиз-инженер;Релиз-инженер;
752;Релиз-менеджер;
753;Визуализатор;
754;инженер требований;инженер безопасности;
755;исследование;
756;Аналитик-исследователь;
757;Исследования и Разработка;
758;Инженер-исследователь;
759;исследователь;Ресечер;Ресечер;Ресёчер;Ресёчер;
760;Руководитель группы исследований;
761;Менеджер ресурсов;Ресурс-менеджер;Ресурс-менеджер;Ресурсные менеджер;Ресурсные менеджер;
762;Ресерчер;
763;Розничная торговля;
764;Специалист по реверс-инжинирингу;
765;Аналитик рисков;Риск-аналитик;Риск-аналитик;
766;Разработка роботов;
767;Инженер-робототехник;
768;РПА;
769;RPA Разработчик;
770;;
771;РТЕ;
772;RTL Разработчик;
773;Бэкэнд Ruby on Rails;
774;Ruby on Rails разработчик;Разработчик Ruby on Rails;
775;Программист of Ruby;Программист Ruby;
776;переводчик русско-румынского языка;
777;Безопасность;
778;оплата труда;
779;продажа;
780;продажа продуктов;
781;продажи;
782;Аналитик продаж;
783;отдел продаж;
784;Инженер по продажам;
785;Продажи;
786;Разработчик Salesforce;
787;Продавец;
788;Менеджер по продажам;
789;Торговый представитель;
790;Руководитель группы продаж;
791;САП;
792;Консультант SAP;
793;;
794;Пользователь Sap EWM;
795;Консультант SAP FI;
796;скала;
797;Научные исследования;
798;Ученый;
799;Программный разработчик;
800;Скрам-мастер;Scrum мастер;
801;СДЕТ;
802;Поиск кандидатов различного уровня;Поиск склонности к уровню;
803;Поиск контактов ЛПР;Поиск споров ЛПР;
804;Поиск специалистов;
805;Секретарь;
806;безопасность;
807;Администратор защиты;
808;Аналитик безопасности;Аналитик по безопасности;Аналитик по безопасности;
809;Инженер по безопасности;
810;Подбор специалистов;
811;Продажник b2b активные-пассивные все в одном флаконе;
812;Старший аналитик;
813;Старший менеджер;
814;Поисковая оптимизация;
815;SEO аналитик;SEO-аналитик;
816;SEO специалист;Специалист по поисковой оптимизации;
817;Администратор серверов;
818;Service engineer Сервисный инженер;Сервисный инженер Сервисный инженер;
819;Сервис-менеджер;
820;Менеджер сервисной сети;
821;Разработчик SharePoint;
822;Продавец-консультант;
823;Siebel CRM разработка;Разработка Siebel CRM;
824;Специалист по сопровождению siebel;
825;сигнализация;
826;Администратор сайта;
827;Инженер по надежности объекта;
828;Разработчик смарт-контрактов;Разработчик смарт контрактов;Разработчик смарт контрактов;
829;SME - проверяющий редактор;
830;smm дизайнер;
831;SMM-специалист;
832;СОЦ;
833;SOC-аналитик;
834;Социальный инженер;
835;Специалист по социальным сетям;Специалист по сетям;
836;Программный аналитик;
837;Архитектор программного обеспечения;
838;разработчик программного обеспечения;
839;Разработчик ПО в тесте;
840;Инженер-разработчик программного обеспечения в тестировании;
841;Инженер-программист;
842;Менеджер по разработке программного обеспечения;
843;ПО средств ВТ и автоматизированных систем;ПО Средства ВТ и аварийных систем;
844;Тестировщик ПО;
845;Тестирование ПО;
846;специалист по тестированию ПО;
847;твердость;
848;Проявитель Solidity;solidity разработчик;разработчик солидности;Разработчик Solidity;Разработчик Solidity;
849;Архитектор решений;
850;Саунд-дизайн;
851;Саунд-дизайнер;
852;источник;
853;Сорсер;
854;Источник;
855;Специалист по снабжению;
856;СПА-услуги;
857;специалист;
858;Менеджер по спецпроектам;
859;Администратор СПО;
860;Спонсор и лидер своей команды;
861;Пружинный ботинок;
862;;
863;Разработчик SQL;
864;SQL запросы;SQL-запросы;
865;СРЭ;
866;персонал;
867;Легенда о посохе;
868;инженер СХД и СРК;
869;Кладовщик;
870;Стартегическое управление;
871;Менеджер по стратегии;Менеджер по статистике;
872;студент;
873;Руководитель;
874;снабжение;
875;Техподдержка;поддержки;поддержки;
876;Аналитик сопровождения;Аналитик технической поддержки;Аналитик технической поддержки;
877;Руководитель поддержки;
878;Оператор поддержки внутренних логистических продуктов;Оператор поддержки логистических продуктов;
879;специалист службы поддержки;
880;Системный администратор;
881;Системный Архитектор;
882;Системный инженер;
883;Системный программист;
884;Системный аналитик;
885;Системный инженер;инженер-системотехник;инженер-системотехник;
886;системотехника;
887;Источник приобретения талантов;
888;Поиск талантов;
889;Источник талантов;
890;Таргетолог;
891;ТнД;
892;преподаватель;
893;Тимлид;Руководитель группы;
894;Тимлид команды по сопровождению экспертов;Тимлид команды по сопровождению опыта;
895;Технический руководитель;
896;Техновости;
897;Технический менеджер по работе с клиентами;
898;Технический художник;
899;Технический дизайнер;
900;Технический директор;
901;Технический лидер;
902;Менеджер технических проектов;
903;Технический рекрутер;
904;технический источник;
905;Технический источник в Яндексе;
906;Технический специалист;
907;Директор технической поддержки;
908;Инженер технической поддержки;
909;Менеджер технической поддержки;
910;Специалист технической поддержки;
911;Технический писатель;
912;техник;
913;Технолог;
914;Разработка технологий;
915;Директор по технологиям;
916;ТехПр;
917;Тех-рекрутер;
918;Телекоммуникации;
919;Разработчик Telegram ботов;
920;Тендерный специалист;
921;тест;
922;Инженер по автоматизации тестирования;Инженер по диагностике;
923;Инженер-испытатель;Инженер по тестированию;Инженер по тестированию;
924;Тестировщик;
925;Инженер испытательной лаборатории;Инженерная испытательная лаборатория;
926;тест лид;
927;Тест менеджер;Тест-менеджер;
928;Руководитель группы тестирования;
929;Художник по текстурам;
930;Терапевт;
931;Охотник за угрозами;
932;Инструментальное ПО;
933;Специалист по трейд-маркетингу;
934;Разработчик торговых ботов;
935;Стажёр;
936;Тренер;
937;Обучение персонала;
938;Менеджер по обучению и адаптации;
939;Менеджер по обучению и развитию;
940;специалист по обучению и стажировкам;
941;Менеджер по обучению;
942;Специалист по обучению;
943;Перевод;
944;Переводчик;
945;Переводчик со знанием немецкого и английского языков;
946;Тайпоскрипт;
947;верстальщик;
948;UI/UX дизайнер;UI/UX-дизайнер;
949;Администратор системы объединенных коммуникаций;
950;Ведущий блок;
951;Unity3d разработчик;Разработчик Unity3d;
952;Разработчик Unity;Unity Разработчик;
953;Разработчик Unreal Engine;
954;Исследователь пользователей;
955;UX аналитик;UX-аналитик;
956;UX дизайнер;UX-дизайнер;
957;UX редактор;UX-редактор;
958;Ux исследование;
959;UX исследователь;
960;UX тестировщик;UX-тестировщик;
961;UX писатель;
962;векторизация;
963;Представитель вендора;Представитель поставщика;
964;Венчурный аналитик;
965;Удостоверяющий центр;
966;Визуальные эффекты;
967;Художник визуальных эффектов;
968;Видеомонтажер;
969;Виртуализация;
970;;
971;VoIP-инженер;
972;Вице-президент по развитию бизнеса;
973;VR-разработчик;
974;Vue - разработчик;Vue – разработчик;
975;;
976;Исследователь уязвимостей;
977;WAF инженер;Инженер WAF;
978;Разработчик Web3.0;
979;веб3;
980;Веб аналитик;
981;Конфигурация веб-приложений;
982;Веб дизайнер;Веб-дизайнер;
983;Веб-разработчик;Веб разработчик;
984;Администратор веб-сервисов;
985;Тестировщик вебсайтов;Тестировщик сайтов;Тестировщик сайтов;
986;Web тестер;Веб-тестер;
987;Web-тестирование;Веб-тестирование;
988;окна;
989;работа с клинтами;
990;Писатель;
991;Yii-разработчик;
